sCode,noPeriode,sDescription
AM-HP,125,LUN à VEN 8h-23h SAM 9h-23h DIM 13h-18h EXCEPTÉ PÉRIODES INTERDITES (micro/original)
AM-HP,1491,LUN à VEN 8h-23h SAM 9h-23h DIM 13h-18h EXCEPTÉ PÉRIODES INTERDITES (micro/original)
AM-HP,1492,LUN à VEN 8h-23h SAM 9h-23h DIM 13h-18h EXCEPTÉ PÉRIODES INTERDITES (micro/original)
AM-HR,108,LUN à VEN 9h-21h et SAM DIM 9h-18h EXCEPTÉ PÉRIODES INTERDITES (micro/original)
AM-HR,332,LUN à VEN 9h-21h et SAM DIM 9h-18h EXCEPTÉ PÉRIODES INTERDITES (micro/original)
AP-HP,125,LUN à VEN 8h-23h SAM 9h-23h DIM 13h-18h EXCEPTÉ PÉRIODES INTERDITES (parco) 
AP-HP,1491,LUN à VEN 8h-23h SAM 9h-23h DIM 13h-18h EXCEPTÉ PÉRIODES INTERDITES (parco) 
AP-HP,1492,LUN à VEN 8h-23h SAM 9h-23h DIM 13h-18h EXCEPTÉ PÉRIODES INTERDITES (parco) 
AP-HR,108,LUN à VEN 9h-21h SAM et DIM 9h-18h EXCEPTÉ PÉRIODES INTERDITES (parco) 
AP-HR,332,LUN à VEN 9h-21h SAM et DIM 9h-18h EXCEPTÉ PÉRIODES INTERDITES (parco) 
AQ-HP,125,LUN à VEN 8h-23h SAM 9h-23h DIM 13h-18h EXCEPTÉ PÉRIODES INTERDITES (QIM) 
AQ-HP,1491,LUN à VEN 8h-23h SAM 9h-23h DIM 13h-18h EXCEPTÉ PÉRIODES INTERDITES (QIM) 
AQ-HP,1492,LUN à VEN 8h-23h SAM 9h-23h DIM 13h-18h EXCEPTÉ PÉRIODES INTERDITES (QIM) 
AQ-HR,28,LUN à VEN 9h à 21 SAM 9h-18h DIM 13h-18h Excepté périodes interdites (autocollant spécial QIM)
AQ-HR,108,LUN à VEN 9h à 21 SAM 9h-18h DIM 13h-18h Excepté périodes interdites (autocollant spécial QIM)
AQ-HR,125,LUN à VEN 9h à 21 SAM 9h-18h DIM 13h-18h Excepté périodes interdites (autocollant spécial QIM)
AU-JQ,1493,LUN à DIM 8 h - 20 h EXCEPTÉ PÉRIODES INTERDITES
CC-AA,28,LUN À VEN 9 h - 21 h SAM 9 h - 18 h DIM 13 h - 18 h
CC-AA,108,LUN À VEN 9 h - 21 h SAM 9 h - 18 h DIM 13 h - 18 h
CC-AA,125,LUN À VEN 9 h - 21 h SAM 9 h - 18 h DIM 13 h - 18 h
CC-AW,25,LUN ET MAR ET MER ET SAM 9 h - 18 h JEU ET VEN 9 h - 21 h DIM 13 h - 18 h
CC-AW,26,LUN ET MAR ET MER ET SAM 9 h - 18 h JEU ET VEN 9 h - 21 h DIM 13 h - 18 h
CC-AW,28,LUN ET MAR ET MER ET SAM 9 h - 18 h JEU ET VEN 9 h - 21 h DIM 13 h - 18 h
CC-AW,125,LUN ET MAR ET MER ET SAM 9 h - 18 h JEU ET VEN 9 h - 21 h DIM 13 h - 18 h
CC-BA,63,7 h - 22 h
CC-SX,108,LUN À VEN 9 h - 21 h  SAM et DIM 9 h - 18 h
CC-SX,332,LUN À VEN 9 h - 21 h  SAM et DIM 9 h - 18 h
CH-AA,28,LUN À VEN 9 h - 21 h SAM 9 h - 18 h DIM 13 h - 18 h
CH-AA,108,LUN À VEN 9 h - 21 h SAM 9 h - 18 h DIM 13 h - 18 h
CH-AA,125,LUN À VEN 9 h - 21 h SAM 9 h - 18 h DIM 13 h - 18 h
CH-AC,34,LUN À SAM 9 h - 18 h DIM 13 h - 18 h
CH-AC,125,LUN À SAM 9 h - 18 h DIM 13 h - 18 h
CH-AW,25,LUN ET MAR ET MER ET SAM 9 h - 18 h JEU ET VEN 9 h - 21 h DIM 13 h - 18 h
CH-AW,26,LUN ET MAR ET MER ET SAM 9 h - 18 h JEU ET VEN 9 h - 21 h DIM 13 h - 18 h
CH-AW,28,LUN ET MAR ET MER ET SAM 9 h - 18 h JEU ET VEN 9 h - 21 h DIM 13 h - 18 h
CH-AW,125,LUN ET MAR ET MER ET SAM 9 h - 18 h JEU ET VEN 9 h - 21 h DIM 13 h - 18 h
CH-RT,142,9 h - 21 h
CH-RX,125,LUN À SAM 9 h - 21 h DIM 13 h - 18 h
CH-RX,158,LUN À SAM 9 h - 21 h DIM 13 h - 18 h
CH-SX,108,LUN À VEN 9 h - 21 h SAM et DIM 9 h - 18 h
CH-SX,332,LUN À VEN 9 h - 21 h SAM et DIM 9 h - 18 h
CH-TT,1372,24 HEURES - 7 JOURS SUR 7
CH-TX,259,LUN À VEN. 9h - 18h
CH-VA,108,LUN à VEN 9h - 21h et SAM et DIM 9h-18h
CH-VA,332,LUN à VEN 9h - 21h et SAM et DIM 9h-18h
CH-VB,28,LUN À VEN 9 h - 21 h SAM 9 h - 18 h DIM 13 h - 18 h
CH-VB,108,LUN À VEN 9 h - 21 h SAM 9 h - 18 h DIM 13 h - 18 h
CH-VB,125,LUN À VEN 9 h - 21 h SAM 9 h - 18 h DIM 13 h - 18 h
CH-ZA,1371,6 h - 17 h LUN à VEN
CH-ZC,28,LUN À VEN 9 h - 21 h SAM 9 h 18 h
CH-ZC,108,LUN À VEN 9 h - 21 h SAM 9 h 18 h
CH-ZD,329,8h - 23h - TOUS LES JOURS - DURÉE MAX 3h
CH-ZE,1566,LUN AU SAM 9h - 23h
CH-ZY,28,SAM et DIM 9h - 18h
CH-ZY,1412,SAM et DIM 9h - 18h
CI-AC,39,STAT. INT. EXCEPTÉ LIVR. 8 h - 12 h LUN À VEN
CI-AF,41,STAT. INT. EXCEPTÉ DÉB. 18 h - 24 h
CI-AK,1474,STAT. INT. 8 h - 9 h 30 LUN À VEN
CI-AL,1650,STAT. INT. 9h - 17h LUN
CI-AQ,1672,STAT. INT. EXCEPTÉ LIVR. 8h30  - 12 h LUN À VEN
CI-AV,1639,STAT. INT. EXCEPTÉ LIVR. 8 h - 11 h LUN À VEN
CI-DA,47,P 15 min DÉB. 7 h - 9 h et 16 h - 18 h LUN À VEN
CI-DA,100,P 15 min DÉB. 7 h - 9 h et 16 h - 18 h LUN À VEN
CI-DB,37,P 15 min DÉB. 7 h -9 h 30 et 15 h 30 - 18 h LUN À VEN
CI-DB,62,P 15 min DÉB. 7 h -9 h 30 et 15 h 30 - 18 h LUN À VEN
CI-DC,309,P 15 min 7h00 - 18h30 LUN À VEN 15 juin au 15 sept
CI-DE,37,P 15 min DÉB. 7 h - 9 h 30 LUN À VEN
CI-NA,27,STAT. INT. LUN à SAM  9h30 - 15h30
CI-NA,1365,STAT. INT. LUN à SAM  9h30 - 15h30
CI-PB,53,ARRET INT. 15 h 30 - 17 h 30 LUN À VEN
CI-PI,306,STAT. INT. EXCEPTÉ TAXIS 21 h - 24 h
CI-QG,100,ARRET INT. 7 h - 9 h LUN À VEN
CI-QN,57,ARRET INT. 6 h 30 - 9 h 30 LUN À VEN
CI-QO,58,ARRET INT. 15 h 30 - 18 h 30 LUN À VEN
CI-QX,47,ARRET INT. 6 h - 9 h 30 et 16 h - 18h LUN À VEN
CI-QX,60,ARRET INT. 6 h - 9 h 30 et 16 h - 18h LUN À VEN
CI-QY,38,ARRET INT. 8 h - 9 h 30 et 16 h - 18 h LUN À VEN
CI-QY,47,ARRET INT. 8 h - 9 h 30 et 16 h - 18 h LUN À VEN
CI-RG,48,ARRET INT. 16 h - 18 h 30 LUN À VEN
CI-SD,40,P 15 min.  Débarcadère 7h-9h30 et 15h-18h Lun au Ven
CI-SD,175,P 15 min.  Débarcadère 7h-9h30 et 15h-18h Lun au Ven
CI-SE,181,P 15 min Déb. 7 h - 18 h LUN À VEN
CI-SF,182,STAT. INT. 8 h - 18 h LUN À SAM
CI-SH,47,STAT. INT. 7 h - 9 h ET 16 h - 18 h LUN À VEN
CI-SH,100,STAT. INT. 7 h - 9 h ET 16 h - 18 h LUN À VEN
CI-SL,33,STAT. INT. 9 h 30 - 16 h LUN À VEN
CI-SU,1633,SAT. INT. 7 h 30 - 9 h LUN À VEN
CI-SV,1648,P 15 min 9h30 - 17h  LUN À VEN
CI-SX,32,STAT. INT. 9 h à 16 h LUN À VEN
CI-TC,259,STAT. INT. 9 h - 18 h LUN-VEN
CI-TD,1649,STAT. INT. EXCEPTÉ LIVRAISON 12 h - 18 h. 
CI-TE,31,STAT. INT. 9 h - 15 h 30 LUN à VEN zone de livraison
CP-AA,28,LUN À VEN 9 h - 21 h SAM 9 h - 18 h
CP-AA,108,LUN À VEN 9 h - 21 h SAM 9 h - 18 h
CR-AY,60,ARRET INT. 6 h - 9 h 30 LUN À VEN AVEC REMORQUAGE
CR-QF,37,ARRET INT. 7 h - 9 h 30 et 15 h 30 - 18 h 30 LUN À VEN AVEC REMORQUAGE
CR-QF,58,ARRET INT. 7 h - 9 h 30 et 15 h 30 - 18 h 30 LUN À VEN AVEC REMORQUAGE
CR-QN,57,ARRET INT. 6 h 30 - 9 h 30 LUN À VEN. AVEC REMORQUAGE
CR-QO,58,ARRET INT. 15 h 30 - 18 h 30 LUN À VEN AVEC REMORQUAGE
CR-RN,80,ARRET INT. 15 h - 18 h 30 LUN À VEN AVEC  REMORQUAGE
CR-SK,186,ARRET INT. 14 h 30 - 18 h 30 LUN À VEN AVEC REMORQUAGE
CU-AA,25,LUN ET MAR ET MER ET SAM 9 h - 18 h JEU ET VEN 9 h - 21 h
CU-AA,26,LUN ET MAR ET MER ET SAM 9 h - 18 h JEU ET VEN 9 h - 21 h
CU-AA,28,LUN ET MAR ET MER ET SAM 9 h - 18 h JEU ET VEN 9 h - 21 h
CU-AC,34,LUN À SAM 9 h - 18 h
GR-AA,1480,Stationnement gratuit 8h-10h  LUN-VEN (test GTR)
GR-AC,255,Stationnement gratuit 11h-14h  LUN-VEN (test GTR)
GR-AD,1481,Stationnement gratuit 12h-14h  LUN-VEN (test GTR)
GR-AE,1482,Stationnement gratuit 13h-14h LUN-VEN (test GTR)
GR-AJ,1372,Stationnement gratuit 00h-00h - 24h  LUN à DIM (test GTR)
IN-AA,1473,Stationnement interdit 8h-9h LUN - VEN (test GTR)
IN-AB,1474,Stationnement interdit 8h-9h30 LUN-VEN (test GTR)
IN-AC,1434,Stationnement interdit 9h-12h LUN-VEN (test GTR)
IN-AD,1475,Stationnement interdit 9h-10h LUN-VEN (test GTR)
IN-AE,1476,Stationnement interdit 10h-11h LUN-VEN (test GTR)
IN-AF,1477,Stationnement interdit 10h-12h LUN-VEN (test GTR)
IN-AG,66,Stationnement interdit 12h-15h LUN-VEN (test GTR)
IN-AH,1483,Stationnement interdit 11h-12h LUN-VEN (test GTR)
IN-AI,1484,Stationnement interdit 14h-15h LUN-VEN (test GTR)
IN-AJ,1485,Stationnement interdit 16h-17h LUN-VEN (test GTR)
IN-AK,1486,Stationnement interdit 18h-19h LUN-VEN (test GTR)
IN-AL,255,Stationnement interdit 11h-14h LUN-VEN (test GTR)
IN-AM,1479,Stationnement interdit 13h-15h LUN-VEN (test GTR)
IN-AN,175,Stationnement interdit 15h-18h LUN-VEN (test GTR)
IN-AW,208,STAT. INT 01-14h LUN-DIM18h-23h59 MAR-VEN (GTR)
IN-AW,1567,STAT. INT 01-14h LUN-DIM18h-23h59 MAR-VEN (GTR)
IN-AX,1500,STAT.INT  06h-7h LUN - VEN (test GTR)
IN-RA,1475,Arrêt interdit - remorquage 9h-10h LUN-VEN (test GTR)
IN-RB,1478,Arrêt interdit - remorquage 10h-13h LUN-VEN (test GTR)
IN-RC,1479,Arrêt interdit - remorquage 13h-15h LUN-VEN (test GTR)
IN-RD,1487,Arrêt interdit - remorquage 15h-15h30 LUN-VEN (test GTR)
IN-RF,330,Arrêt interdit - remorquage 12h-13h LUN-VEN (test GTR)
IN-RG,296,Arrêt interdit - Remorquage 14h à 16h (Test GTR)
IN-RH,330,STAT.INT 12h-13h LUN-VEN (test GTR)
IN-RI,1489,Arrêt interdit - Remorquage 11h - 13 h (Test GTR)
IN-RJ,1486,Arret INT 18h-19h LUN à VEN (Test GTR)
IN-RK,1477,Arrêt interdit - Remorquage  10h - 12h (Test GTR)
IN-RL,252,Arrêt interdit - Remorquage 11h - 16h (Test GTR)
IN-RM,1568,Arrêt interdit - Remorquage 15h - 17h (Test GTR)
IN-RN,1484,Arrêt interdit - Remorquage 14h - 15h (Test GTR)
IN-RO,1494,Arr. int 20-21 Lun - Ven (Test GTR)
IN-RP,1571,Arr.int 19h-20h Lun - ven (Test GTR)
IN-RQ,296,Arr inter 14-16 Lun-ven (Test GTR)
IN-RR,1572,Arr.int 20h - 22h Lun - ven (Test GTR)
IN-RS,172,Arr int 15h-16h Lun -vend (Test GTR)
MM-08,259,9 h - 18 h  LUN - VEN (8 $ MAX) (Test GTR)
MM-11,259,9 h - 18 h  LUN - VEN (11$ MAX)
MQ-12,1371,6 h - 17 h LUN à VEN (12 $ MAX)
MT-10,1372,24h /24 7j /7 -  (10 $ / 24h)
MT-12,1372,24h /24 7j /7 -  (12 $ / 24h)
MT-13,1372,24h /24 7j /7 -  (13 $ / 24h)
MT-14,1372,24h /24 7j /7 -  (14 $ / 24h)
MT-15,1372,24h /24 7j /7 -  (15 $ / 24h)
MT-16,1372,24h /24 7j /7 -  (16 $ / 24h)
MT-17,1372,24h /24 7j /7  (17$ / 24h)
MT-18,1372,24h /24 7j /7  (18$ / 24h)
MU-11,28,9h-21h LUN à VEN 9h-18h SAM  (Max 11$)
MU-11,108,9h-21h LUN à VEN 9h-18h SAM  (Max 11$)
MU-12,259,9 h - 18 h LUN - VEN (12 25$ MAX)
MU-18,1394,VEN 17h-00h SAM et DIM 24h (max 18$)
MU-18,1416,VEN 17h-00h SAM et DIM 24h (max 18$)
MV-11,28,9h-21h LUN à VEN 9h-18h SAM et 13h-18h DIM (Max 11$)
MV-11,108,9h-21h LUN à VEN 9h-18h SAM et 13h-18h DIM (Max 11$)
MV-11,125,9h-21h LUN à VEN 9h-18h SAM et 13h-18h DIM (Max 11$)
MV-12,108,9 h - 21 h LUN - VEN  et 9h-18h SAM-DIM (1225 $ MAX)
MV-12,332,9 h - 21 h LUN - VEN  et 9h-18h SAM-DIM (1225 $ MAX)
MV-15,125,9 h - 21 h LUN - SAM  et 13h-18h DIM (1500 $ MAX)
MV-15,158,9 h - 21 h LUN - SAM  et 13h-18h DIM (1500 $ MAX)
MV-18,1445,17 h - 6 h LUN - VEN(18$ MAX)
MV-18,1447,17 h - 6 h LUN - VEN(18$ MAX)
MX-01,109,MAX 3 h18 h - 21 h LUN À VEN
MX-02,28,MAX 3 h 9h - 18 h SAM et 13 h - 18 h DIM
MX-02,125,MAX 3 h 9h - 18 h SAM et 13 h - 18 h DIM
MX-03,142,MAX 4 h 9h - 21 h
MX-04,28,MAX 8 h 9h - 21 h LUN à VEN 9 h - 18 h  SAM et 13 h - 18 h DIM
MX-04,108,MAX 8 h 9h - 21 h LUN à VEN 9 h - 18 h  SAM et 13 h - 18 h DIM
MX-04,125,MAX 8 h 9h - 21 h LUN à VEN 9 h - 18 h  SAM et 13 h - 18 h DIM
MX-05,28,MAX 11 h 9 h - 21 h LUN à VEN 9 h - 18 h  SAM et 13 h - 18 h DIM
MX-05,108,MAX 11 h 9 h - 21 h LUN à VEN 9 h - 18 h  SAM et 13 h - 18 h DIM
MX-05,125,MAX 11 h 9 h - 21 h LUN à VEN 9 h - 18 h  SAM et 13 h - 18 h DIM
MX-06,28,MAX 3 h 9 h - 21 h LUN à VEN 9h - 18 h SAM
MX-06,108,MAX 3 h 9 h - 21 h LUN à VEN 9h - 18 h SAM
MX-07,28,MAX 3 h 9h - 18 h SAM
MX-10,125,MAX 3 h13 h - 18 h DIM
MX-11,34,MAX 3 h 9 h - 18 h LUN à SAM
MX-12,108,MAX 3 h 9 h - 21 h LUN à VEN
MX-14,28,MAX 4 h 9 h - 21 h LUN à VEN 9h - 18h SAM13h - 18h DIM 
MX-14,108,MAX 4 h 9 h - 21 h LUN à VEN 9h - 18h SAM13h - 18h DIM 
MX-14,125,MAX 4 h 9 h - 21 h LUN à VEN 9h - 18h SAM13h - 18h DIM 
MX-16,28,MAX 12 h 9 h - 21 h LUN à VEN 9h - 18h SAM 13h - 18h DIM
MX-16,108,MAX 12 h 9 h - 21 h LUN à VEN 9h - 18h SAM 13h - 18h DIM
MX-16,125,MAX 12 h 9 h - 21 h LUN à VEN 9h - 18h SAM 13h - 18h DIM
MX-17,35,MAX 3 h18 h - 21 h JEU ET VEN
MX-21,25,MAX 3 h 9 h - 18 h LUN ET MAR ET MER ET SAM 9h - 21h JEU ET VEN
MX-21,26,MAX 3 h 9 h - 18 h LUN ET MAR ET MER ET SAM 9h - 21h JEU ET VEN
MX-21,28,MAX 3 h 9 h - 18 h LUN ET MAR ET MER ET SAM 9h - 21h JEU ET VEN
MX-22,125,MAX 5h 9h-23h samedi et 13h-18h dimanche
MX-22,1492,MAX 5h 9h-23h samedi et 13h-18h dimanche
MX-25,108,MAX 3 h 9 h - 21 h LUN à VEN 9h - 18 h SAM et DIM
MX-25,332,MAX 3 h 9 h - 21 h LUN à VEN 9h - 18 h SAM et DIM
MX-27,1569,Max 3h 9h - 23h Lun - dim
MX-28,259,3H 9 H - 18H LUN - VEND (GTR)
MX-32,332,MAX 3 h 9h - 18 h SAM et DIM
MX-44,108,MAX 4 h 9 h - 21 h LUN à VEN 9h - 18h SAM et DIM
MX-44,332,MAX 4 h 9 h - 21 h LUN à VEN 9h - 18h SAM et DIM
MX-50,159,MAX 5 h18 h - 23 h LUN À VEN
MX-51,252,MAX 4h 11h - 16h  (Test GTR)
MX-52,1570,Durée Max 11h-23h 4h (Test GTR)
MX-61,1471,MAX 1h 9h - 20h LUN-VEN (TEST GTR)
MX-65,1391,MAX 3h 12h - 18h LUN-VEN (TEST GTR)
MX-66,28,MAX 10 h 9h - 21 h LUN à VEN 9 h - 18 h  SAM et 13 h - 18 h DIM
MX-66,108,MAX 10 h 9h - 21 h LUN à VEN 9 h - 18 h  SAM et 13 h - 18 h DIM
MX-66,125,MAX 10 h 9h - 21 h LUN à VEN 9 h - 18 h  SAM et 13 h - 18 h DIM
MX-67,236,MAX 5h 15h-21h Lun -Vend (Test GTR)
MX-68,236,MAX 5h 15H-21H Lun-Ven (Test GTR)
MX-98,34,MAX 3h LUN AU SAM 9h - 18h
MX-99,125,MAX 3 h L-V 8h - 23 h SAM 9h - 23h DIM 13h - 18h
MX-99,1491,MAX 3 h L-V 8h - 23 h SAM 9h - 23h DIM 13h - 18h
MX-99,1492,MAX 3 h L-V 8h - 23 h SAM 9h - 23h DIM 13h - 18h
PA-TD,319,\P  Réservé aux handicapés
PA-VL,1437,Interdit d attacher vélo après un parcomètre
PC-GR,1437,Tarifé EXCEPTÉ pour les détenteurs d'une vignette SRRR du secteur
PC-PI,1437,Excepté périodes interdites
PC-TD,319,Réservée aux personnes handicapées
PC-VE,319,Réservée véhicule électrique en recharge (collant blanc officiel)
PC-VS,319,Stationnement réservé - véhicule électrique seulement
PJ-02,174,Permis 24h (Payez-Affichez Payez-Partez) (Test GTR)
PJ-03,174,Permis journalier de minuit à minuit (Test GTR)
R747,116,Pour paiement des billets pour les autobus STM # 747
SH-AA,28,LUN À VEN 9 h - 21 h SAM 9 h 18 h
SH-AA,108,LUN À VEN 9 h - 21 h SAM 9 h 18 h
SI-AA,37,ARRET INT. 7 h - 9 h 30 LUN À VEN
SI-AB,38,ARRET INT.  8 h - 9 h 30 LUN À VEN
SI-AC,232,STAT. INT. EXCEPTÉ LIVR. 6 h - 12 h LUN À VEN
SI-AE,1615,ARRET INT. 7 h 30 - 9 h 30 LUN À VEN
SI-AF,41,STAT. INT. EXCEPTÉ DÉB. 18 h - 24 h
SI-AK,1474,STAT. INT. 8 h - 9 h 30 LUN À VEN
SI-AV,45,STAT. INT. EXCEPTÉ LIVRAISON. 7h à 11h LUN À VEN
SI-AY,288,STAT. INT. 8 h - 15 h 30 LUN AU VEN
SI-AZ,62,P15 min DÉB. 7 h - 10 h et 15 h 30 - 18 h  LUN À VEN
SI-AZ,194,P15 min DÉB. 7 h - 10 h et 15 h 30 - 18 h  LUN À VEN
SI-BB,1420,P 15 min  9 h - 19 h 7 jours / 7
SI-BC,1421,P 15 min  7 h - 18 h 7 jours / 7
SI-BD,1493,P 15 MIN  8 h - 20 h 7 jours / 7
SI-DA,46,P 15 min DÉB. 7 h - 9 h et 16 h - 18 h LUN À VEN
SI-DA,47,P 15 min DÉB. 7 h - 9 h et 16 h - 18 h LUN À VEN
SI-DB,37,P 15 min DÉB. 7 h -9 h 30 et 15 h 30 - 18 h LUN À VEN
SI-DB,62,P 15 min DÉB. 7 h -9 h 30 et 15 h 30 - 18 h LUN À VEN
SI-DC,40,P 15 min DÉB. 7 h 30 - 9 h 30 et 15 h 30 - 18 h LUN À VEN
SI-DC,62,P 15 min DÉB. 7 h 30 - 9 h 30 et 15 h 30 - 18 h LUN À VEN
SI-DE,37,P 15 min DÉB. 7 h - 9 h 30 LUN À VEN
SI-DF,62,P 15 min DÉB. 15 h 30 - 18 h LUN À VENP 15 min DÉB. 15 h 30 - 18 h LUN À VEN
SI-DI,175,P 15 min DÉB. 7 h  - 10 h et 15 h - 18 h LUN À VEN
SI-DI,194,P 15 min DÉB. 7 h  - 10 h et 15 h - 18 h LUN À VEN
SI-DL,48,ARRET INT. 16 h - 18 h 30 LUN À VEN 01/11 AU 31/12
SI-DM,48,STAT. INT. 16h - 18h30 LUN À VEN 01/01 AU 31/03
SI-DN,100,P15min DÉB. 7 h - 9 h LUN À VEN 01 sept au 31 déc
SI-DO,100,P15min DÉB. 7 h -9 h LUN À VEN 01 jan au 30 juin
SI-DP,1371,STAT. INT. EXCEPTÉ PERMIS MENSUELS 6 h - 17 h LUN À VEN
SI-DQ,174,STAT. INT. EN TOUT TEMPS - 1 AVRIL AU 31 OCT (saisonnier)
SI-DR,174,STAT. INT. EN TOUT TEMPS - 1 AVRIL AU 1 DEC(saisonnier)
SI-DV,1371,STAT. INT. EXCEPTÉ PERMIS MENSUELS 6 h - 17 h L à V.
SI-DW,1451,STAT. INT. 9 h - 17 h en tout temps
SI-DX,265,STAT. INT. 8h30 - 10h30 et 14h - 16h30 LUN - JEU 8h30 - 10h et 12h - 14h VEN 01 sept. au 31 décembre
SI-DX,1370,STAT. INT. 8h30 - 10h30 et 14h - 16h30 LUN - JEU 8h30 - 10h et 12h - 14h VEN 01 sept. au 31 décembre
SI-DX,1452,STAT. INT. 8h30 - 10h30 et 14h - 16h30 LUN - JEU 8h30 - 10h et 12h - 14h VEN 01 sept. au 31 décembre
SI-DX,1453,STAT. INT. 8h30 - 10h30 et 14h - 16h30 LUN - JEU 8h30 - 10h et 12h - 14h VEN 01 sept. au 31 décembre
SI-DY,265,STAT. INT. 8h30 - 10h30 et 14h - 16h30 LUN - JEU 8h30 - 10h et 12h - 14h VEN 01 janvier. au 30 juin
SI-DY,1370,STAT. INT. 8h30 - 10h30 et 14h - 16h30 LUN - JEU 8h30 - 10h et 12h - 14h VEN 01 janvier. au 30 juin
SI-DY,1452,STAT. INT. 8h30 - 10h30 et 14h - 16h30 LUN - JEU 8h30 - 10h et 12h - 14h VEN 01 janvier. au 30 juin
SI-DY,1453,STAT. INT. 8h30 - 10h30 et 14h - 16h30 LUN - JEU 8h30 - 10h et 12h - 14h VEN 01 janvier. au 30 juin
SI-DZ,203,STAT. INT. 7 h à 17 h LUN À VEN 01 juillet au 31 août
SI-EA,1514,STAT. INT. EXCEPTÉ LIVR. 8 h 30 - 10 h LUN À VEN
SI-EB,1640,STAT. INT. EXCEPTÉ AUTOBUS. 7 h 30 - 15 h 30 LUN À VEN
SI-EC,1516,STAT. INT. Débarcadère. 15 mins 6 h - 18 h LUN À VEN
SI-ED,108,STAT. INT. Livraison 9 h - 21 h LUN À VEN
SI-EF,1547,STAT. INT. 5 h - 9 h 7jrs/7 EXCEPTÉ LIVRAISON
SI-MB,1399,ARRET INT. 6 h 30 - 9 h LUN À VEN
SI-MC,181,STAT. INT. 7h - 18h LUN à VEN EXCEPTÉ  LIVRAISON
SI-NA,56,STAT. INT. 17 h - 9 h LUN À DIM
SI-NA,101,STAT. INT. 17 h - 9 h LUN À DIM
SI-NC,109,STAT. INT. 18 h - 21 h LUN À VEN
SI-NE,1416,STAT. INT. 0 h - 24 h SAM et DIM
SI-NF,1417,P 15 min DÉB 9 h - 18 h
SI-NG,54,STAT. INT. 13h - 17 h LUN À VEN
SI-NQ,1444,STAT. INT. 10 h - 14 h 30 LUN À VEN
SI-NR,1448,STAT. INT.19 h 30 - 24 h
SI-NT,1436,STAT. INT. 9  h - 17 h tous les jours excepté livraison
SI-NU,296,STAT. INT. EXCEPTÉ DÉB. 15 min 14h - 16h LUN à VEN du 1 sept au 30 juin
SI-NV,1451,STAT. INT. 9  h - 17 h tous les jours excepté livraison
SI-NW,181,P5 min Débarcadère 7 h - 18 h LUN À VEN (20/08 AU 31/12)
SI-NY,181,P5 min Débarcadère 7 h - 18 h LUN À VEN (01/01 AU 30/06)
SI-PA,52,STAT. INT. EXCEPTÉ PERMIS 18 h - 23 h
SI-PB,53,ARRET INT. 15 h 30 - 17 h 30 LUN À VEN
SI-PC,54,STAT. INT. EXCEPTÉ LIVR. 13 h - 17 h LUN À VEN 
SI-PD,1542,STAT. INT. EXCEPTÉ LIVR. 8 h - 17 h LUN À VEN
SI-PE,47,ARRET INT. 16 h -18 h LUN À VEN
SI-PG,41,STAT. INT. 18 h - 24 h
SI-PH,1451,STAT. INT. EXCEPTÉ LIVR. 9 h - 17 h
SI-PI,41,STAT. INT. EXCEPTÉ AUTOBUS 18 h - 24 h
SI-PJ,56,STAT. INT. 17 h - 24 h LUN AU DIM
SI-PK,260,STAT. INT. 9 h - 17 h LUN À VEN EXCEPTÉ LIVRAISON
SI-PO,285,STAT. INT. 9 h - 13 h LUN À SAM
SI-PP,203,P 15 min DÉB 8 h - 17 h LUN À VEN sept. à juin
SI-PQ,203,P 15 min DÉB 8 h - 17 h LUN À VEN janvt. à juin
SI-PT,47,P 15 min DÉB. 7 h 30 - 9 h 30 et 16 h - 18 h LUN À VEN
SI-PT,1664,P 15 min DÉB. 7 h 30 - 9 h 30 et 16 h - 18 h LUN À VEN
SI-PU,124,ARRÊT INT. 6 h - 10 h LUN À VEN
SI-PV,138,P 15 min DÉB 7 h à 16 h LUN À VEN
SI-PX,37,P 15 min DÉB 7 h - 9 h 30 15 h - 18 h LUN À VEN sept. à juin
SI-PX,175,P 15 min DÉB 7 h - 9 h 30 15 h - 18 h LUN À VEN sept. à juin
SI-PY,37,P 15 min DÉB 7 h - 9 h 30 15 h - 18 h LUN À VEN sept. à juin
SI-PY,175,P 15 min DÉB 7 h - 9 h 30 15 h - 18 h LUN À VEN sept. à juin
SI-PZ,79,STAT. INT. 21 h - 8 h 30 LUN AU DIM
SI-PZ,306,STAT. INT. 21 h - 8 h 30 LUN AU DIM
SI-QA,40,P 15 min DÉB 7h-9h30 15h-18h LUN à VEN août à juin
SI-QA,175,P 15 min DÉB 7h-9h30 15h-18h LUN à VEN août à juin
SI-QC,1435,STAT. INT. 12 h - 17 h LUN À VEN
SI-QF,37,ARRET INT. 7 h - 9 h 30 et 15 h 30 - 18 h 30 LUN À VEN
SI-QF,58,ARRET INT. 7 h - 9 h 30 et 15 h 30 - 18 h 30 LUN À VEN
SI-QG,46,ARRET INT. 7 h - 9 h LUN À VEN
SI-QN,57,ARRET INT. 6 h 30 - 9 h 30 LUN À VEN
SI-QO,58,ARRET INT. 15 h 30 - 18 h 30 LUN À VEN
SI-QP,57,ARRET INT. 6 h 30 - 9 h 30 et 15 h 30 - 18 h 30 LUN À VEN
SI-QP,58,ARRET INT. 6 h 30 - 9 h 30 et 15 h 30 - 18 h 30 LUN À VEN
SI-QS,59,STAT. INT. EXCEPTÉ DÉB. 18 h 30 - 24 h
SI-QY,38,ARRET INT. 8 h - 9 h 30 et 16 h - 18 h LUN À VEN
SI-QY,47,ARRET INT. 8 h - 9 h 30 et 16 h - 18 h LUN À VEN
SI-RB,37,ARRET INT. 7 h - 9 h 30 et 15 h - 18 h 30 LUN À VEN
SI-RB,80,ARRET INT. 7 h - 9 h 30 et 15 h - 18 h 30 LUN À VEN
SI-RE,1474,ARRET INT. 8 h - 9 h 30 LUN À VEN
SI-RG,48,ARRET INT. 16 h - 18 h 30 LUN À VEN
SI-RP,119,STAT. INT. EXCEPTÉ DÉB. 13 h - 16 h LUN À VEN
SI-RT,1631,8 h - 15 h LUN À VEN
SI-RX,138,STAT.INT. EXCEPTÉ DÉBARCADÈRE HANDICAPÉ 8h-16h LUN. À VEN.
SI-RZ,138,STAT. INT. 7 h - 16 h LUN À VEN EXCEPTÉ LIVRAISON
SI-SD,37,P 15 min.  Débarcadère 7h-9h30 et 15h-18h Lun au Ven
SI-SD,175,P 15 min.  Débarcadère 7h-9h30 et 15h-18h Lun au Ven
SI-SE,181,P 15 min Déb. 7 h - 18 h LUN À VEN
SI-SF,182,STAT. INT. 7h à 18 h LUN À SAM
SI-SG,184,STAT. INT. 8 h - 16 h LUN À SAM
SI-SH,47,STAT. INT. 7 h - 9 h ET 16 h - 18 h LUN À VEN
SI-SH,100,STAT. INT. 7 h - 9 h ET 16 h - 18 h LUN À VEN
SI-SJ,41,STAT. INT. EXCEPTÉ DÉB. 18 h - 00h - 3 h
SI-SK,230,STAT. INT. 7 h à 17 h LUN À SAM
SI-SL,33,STAT. INT. 9 h 30 - 16 h LUN À VEN
SI-SN,80,ARRET INT. 6 h - 9 h et 15 h - 18 h 30 LUN À VEN
SI-SN,179,ARRET INT. 6 h - 9 h et 15 h - 18 h 30 LUN À VEN
SI-SR,203,STAT. INT. 7 h à  17 h LUN À VEN
SI-SS,212,STAT. INT. EXCEPTÉ DÉB. 9 h - 21 h DIM
SI-ST,218,STAT INT EXCEPTÉ LIVRAISON 9 h - 12 h
SI-SU,77,ARRET INT. 7h - 8h30 LUN À VEN
SI-SV,48,P 15 min DÉB. 7 h 30 -9 h et 16 h - 18 h 30 LUN À VEN
SI-SV,1633,P 15 min DÉB. 7 h 30 -9 h et 16 h - 18 h 30 LUN À VEN
SI-SX,1617,STAT. INT. 8 h à 16 h LUN À VEN
SI-SY,232,STAT. INT. 6 h à 12 h LUN À VEN
SI-SZ,41,STAT. INT. 18  h - 7 h
SI-TC,99,STAT. INT. 7h à 15 h LUN À VEN
SI-TD,240,STAT. INT. 8  h 30 - 15 h LUN À VEN
SI-TF,203,ARRÊT INT.  LUN À VEN 8 h - 17 h 15 AOÛT au 31 déc ++++
SI-TG,179,ARRET INT. 6 h - 9 h  LUN À VEN
SI-TI,203,ARRÊT INT.  LUN À VEN 8 h - 17 h 1 JAN au 23 JUIN
SI-TJ,27,STAT. INT. 9  h 30 - 15 h 30 LUN À VEN
SI-TK,1552,STAT. INT. 8 h - 19 h LUN À VEN
SI-TM,1508,STAT. INT. 8 h - 18 h LUN À VEN
SI-TN,33,STAT. INT. 9 h 30 - 16 h LUN À VEN
SI-TO,33,STAT. INT. 9 h 30 - 16 h LUN À VEN
SI-TQ,82,STAT. INT. 9 h 30 - 18 h LUN À VEN
SI-TR,255,STAT. INT. 11 h - 14 LUN À VEN
SI-TS,257,STAT. INT. 7 h - 15 h 30 LUN À SAM
SI-TU,237,ARRET INT. 15 h - 19 h LUN À VEN
SI-TX,182,P 15  min Débarcadère 7 h - 18 h LUN À SAM
SI-TY,295,STAT. INT. 8 h - 14 h LUN À VEN
SI-TZ,194,STAT. INT. 8 h 10 h et 14 h - 16 h LUN À VEN
SI-TZ,296,STAT. INT. 8 h 10 h et 14 h - 16 h LUN À VEN
SI-UA,308,STAT. INT. 18 h - 21 h LUN AU DIM
SI-UB,309,P 15  min Débarcadère 7h - 18h 30 LUN À VEN
SI-UC,203,ARRÊT INT. 8h - 17h LUN à VEN sept à juin
SI-UD,203,ARRÊT INT. 8h - 17h LUN à VEN sept à juin
SI-UE,260,STAT. INT. 9 h - 17 h LUN à VEN EXCEPTÉ LIVRAISON
SI-UF,316,STAT. INT. 9 h 30 - 13 h 30 LUN À VEN
SI-UH,180,ARRÊT INT. EXCEPTÉ AUTOBUS 15H30 -19h LUN À VEN
SI-UN,1544,STAT. INT. 8h - 12h  MER
SI-UO,98,STAT. INT.  EXCEPTÉ LIVRAISON 7H - 13H LUN À VEN
SI-UP,37,ARRÊT INT. EXCEPTÉ BUS 7h-9h30 et 14h30-18h30  LUN à VEN sept à juin
SI-UP,186,ARRÊT INT. EXCEPTÉ BUS 7h-9h30 et 14h30-18h30  LUN à VEN sept à juin
SI-UQ,37,ARRÊT INT. EXCEPTÉ BUS 7h-9h30 et 14h30-18h30  LUN à VEN sept à juin
SI-UQ,186,ARRÊT INT. EXCEPTÉ BUS 7h-9h30 et 14h30-18h30  LUN à VEN sept à juin
SI-US,101,STAT. INT. EXCEPTÉ BUS 7h - 9h 1 mai au 1 oct
SI-UX,296,STAT. INT. EXCEPTÉ DÉB. 15 min 14h - 16h LUN à VEN du 1 sept au 30 juin
SI-UZ,296,P 15  min Débarcadère 9h30 - 10h30 et 14h - 16h LUN À VEN
SI-UZ,1355,P 15  min Débarcadère 9h30 - 10h30 et 14h - 16h LUN À VEN
SI-WA,304,ARRÊT INTERDIT 14h - 19h LUN à DIM 7 jours (travaux L-H)
SI-WA,1488,ARRÊT INTERDIT 14h - 19h LUN à DIM 7 jours (travaux L-H)
SI-WB,175,P 15 min DÉB. 6h -9 h et 15 h - 18 h LUN À VEN
SI-WB,179,P 15 min DÉB. 6h -9 h et 15 h - 18 h LUN À VEN
SI-WC,1366,STAT. INT. 10 h - 15h  LUN À VEN (Zone livraison)
SI-WD,41,STST.INT. Exepté mobilité réduite 18h-24h L-V et 8h-24h S-D
SI-WD,1565,STST.INT. Exepté mobilité réduite 18h-24h L-V et 8h-24h S-D
SI-WE,1579,STA. INT 9h-15h Mercredi - Livraison
SI-WF,1591,STAT. INT. Excepté livraison 9h à 17h LUN-MERC-VEN
SI-WG,288,STAT.INT.  7 h - 15 h 30 LUN à VEN (excepté livraison)
SI-WI,39,STAT. INT. 7 h - 12 h LUN à VEN excepté livraison 26 mai au 05 sep
SI-WJ,174,STAT. INT. EN TOUT TEMPS 01 avril au 15 nov
SI-WK,1629,STAT. INT. 8h - 18h LUN à SAM
SI-WL,1508,Débarcadère 15 mins 8h - 18h  Lun à Ven
SI-WM,30,STAT. INT. Livraison 9h - 15h LUN à VEN
SI-WN,39,STAT. INT. EXCEPTÉ LIVRAISON. 8 h - 12 h LUN - VEN
SI-WO,248,STAT. INT. 7 h - 19 h exc. livraison LUN à VEN
SI-WP,1542,STAT. INT. 8h - 17h LUN à VEN Excepté livraison
SI-WQ,1552,STAT. INT. 8h - 19h LUN - VEN Excepté livraison
SI-WR,1631,STAT. INT. 8h - 15h LUN - VEN Excepté livraison
SI-WS,1634,STAT. INT. 9h30 - 19h LUN - VEN
SI-WT,1636,STAT. INT. 6h30h - 18h LUN - VEN Excepté livraison
SI-WU,1639,STAT. INT excepté livraison. 8h - 11h LUN à VEN 1 avril au 1décembre
SI-WV,37,STAT. INT débarcadère 15 mins Lun à Ven 7h-9h30 et 15h-18h
SI-WV,175,STAT. INT débarcadère 15 mins Lun à Ven 7h-9h30 et 15h-18h
SI-WW,30,STAT. INT. Excepté livraison 9h-15h LUN à VEN
SI-WX,175,P 15 min.  Débarcadère 7h30-9h30 et 15h-18h Lun au Ven
SI-WX,1615,P 15 min.  Débarcadère 7h30-9h30 et 15h-18h Lun au Ven
SI-WY,47,P 15 min DÉB. 7 h30 - 9 h et 16 h - 18 h LUN À VEN
SI-WY,1633,P 15 min DÉB. 7 h30 - 9 h et 16 h - 18 h LUN À VEN
SP-AA,25,LUN ET MAR ET MER ET SAM 9 h - 18 h JEU ET VEN 9 h - 21 h
SP-AA,26,LUN ET MAR ET MER ET SAM 9 h - 18 h JEU ET VEN 9 h - 21 h
SP-AA,28,LUN ET MAR ET MER ET SAM 9 h - 18 h JEU ET VEN 9 h - 21 h
SR-AA,37,ARRET INT. 7 h - 9 h 30 LUN À VEN AVEC REMORQUAGE
SR-AB,1399,ARRET INT. 6 h30 - 9 h 00 LUN À VEN AVEC REMORQUAGE
SR-AW,60,ARRET INT. 6 h - 9 h 30 LUN À VEN AVEC REMORQUAGE
SR-AY,60,ARRET INT. 6 h - 9 h 30 LUN À VEN  AVEC REMORQUAGE
SR-MC,124,ARRET INT. 6h - 10 h ET 14h30 - 19h30 LUN À VEN AVEC REMORQUAGE
SR-MC,1443,ARRET INT. 6h - 10 h ET 14h30 - 19h30 LUN À VEN AVEC REMORQUAGE
SR-PB,53,ARRET INT. 15 h 30 - 17 h 30 LUN À VEN AVEC REMORQUAGE
SR-QF,37,ARRET INT. 7 h - 9 h 30 et 15 h 30 - 18 h 30 LUN À VEN AVEC REMORQUAGE
SR-QF,58,ARRET INT. 7 h - 9 h 30 et 15 h 30 - 18 h 30 LUN À VEN AVEC REMORQUAGE
SR-QN,57,ARRET INT. 6 h 30 - 9 h 30 LUN À VEN. AVEC REMORQUAGE
SR-QO,58,ARRET INT. 15 h 30 - 18 h 30 LUN À VEN AVEC REMORQUAGE
SR-QP,57,ARRET INT. 6 h 30 - 9 h 30 et 15 h 30 - 18 h 30 LUN À VEN AVEC REMORQUAGE
SR-QP,58,ARRET INT. 6 h 30 - 9 h 30 et 15 h 30 - 18 h 30 LUN À VEN AVEC REMORQUAGE
SR-RN,80,ARRET INT. 15 h - 18 h 30 LUN À VEN AVEC  REMORQUAGE
SR-RQ,122,ARRET. INT. EXCEPTÉ AUTOBUS 14 h 30 - 19 h  LUN - VEN AVEC REMORQUAGE
SR-SI,186,ARRET INT. 5 h  30 - 9 h 30 et 14 h 30 - 18 h 30 LUN À VEN  AVEC REMORQUAGE
SR-SI,187,ARRET INT. 5 h  30 - 9 h 30 et 14 h 30 - 18 h 30 LUN À VEN  AVEC REMORQUAGE
SR-SK,186,ARRET INT. 14 h 30 - 18 h 30 LUN À VEN  AVEC REMORQUAGE
TEST,174,UTILISATION EN TOUT TEMPS POUR TESTS
UT-24,1472,LUN-VEN 24h (test GTR)
UT-AA,259,LUN-VEN 9h - 18h (test GTR)
UT-AB,1471,LUN-VEN 9h - 20h (test GTR)
UT-AD,63,LUN-DIM 9H-21H 3H MAX (Test GTR)
XX-01,174,Stationnement GRATUIT (24 décembre au 26 décembre) OUT
XX-02,174,Stationnement GRATUIT (31 décembre) OUT
XX-03,174,Stationnement GRATUIT (1 et 2 janvier) OUT
XX-04,174,Stationnement GRATUIT (LUNDI DE PÂQUES 2024) OUT
XX-05,174,Stationnement GRATUIT (FÊTE PATRIOTES 2023) OUT
XX-06,174,Stationnement GRATUIT (24 JUIN - ST-JEAN-B.) OUT
XX-07,174,Stationnement GRATUIT (1 JUILLET - FÊTE CANADA) OUT
XX-08,174,Stationnement GRATUIT (FÊTE DU TRAVAIL 2023) OUT
XX-09,174,Stationnement GRATUIT (ACTION DE GRÂCE 2023) OUT
ZU-01,1496,STAT. INT 21h-22h LUN à SAM (TEST) 
ZU-02,1498,STAT. INT. 5h - 7h LUN à DIM 1 avril au 1 déc.
ZU-03,1499,STAT. INT. 6h - 7h LUN à DIM 1 avril au 1 déc.
ZU-04,1500,STAT. INT. 6h - 7h LUN à VEN 1 avril au 1 déc.
ZU-05,1501,STAT. INT. 6h - 7h LUN et JEU 1 avril au 1 déc.
ZU-06,1571,STAT. INT TESTGTR. 19h-20h du LUN au VEN 1 avril au 1 déc.
ZU-07,1496,STAT. INT TESTGTR. 21h-22h du LUN au VEN 1 avril au 1 déc.
ZU-08,311,STAT. INT. 9 h - 10 h LUN 01 avril au 01 déc
ZU-09,1593,STAT. INT. 11 h 30 - 12 h 30 MAR 01 avril au 01 déc
ZU-10,1596,STAT. INT. 8 h 30 - 9 h 30 VEN 01 avril au 01 déc
ZU-11,1410,STAT. INT. 13 h 30 - 14 h 30 LUN 01 avril au 01 déc
ZU-12,1594,STAT. INT. 11 h - 12 h LUN 01 avril au 01 déc
ZU-13,1595,STAT. INT. 11h 30 - 12 h 30 LUN 01 avril au 01 déc 
ZU-14,1616,STAT. INT. 8 h 30 - 9 h 30 MER 01 avril au 1 déc
ZU-15,1618,STAT. INT. 4h-5h LUN à DIM 7 jours
ZU-16,1540,STAT. INT. 8 h - 11 h VEN 01 avril au 01 déc
ZU-17,1541,STAT.INT.8H - 11H JEU 01 avril au 01 déc
ZU-18,107,STAT. INT. 00h - 7h LUN à DIM 7 jours 1 avril-1décembre
ZU-19,1625,STAT. INT. 5h - 7h LUN à VEN 1 avril au 1 déc.
ZU-22,1628,STAT. INT. 23h00 - OOh00 LUN et JEU 1 avril - 1 déc.
ZU-23,1630,STAT. INT. 23h - 00h  MAR  - VEN 1 avril - 1 décembre
ZU-24,1635,STAT. INT. 9h-10 MAR 1 avril au 1 décembre
ZU-25,1378,STAT. INT. 13h-14h MER 1 avril au 1 décembre
ZU-26,1637,STAT. INT. 8h-10h JEU 1 avril au 1 décembre
ZU-27,100,STAT. INT. 7 h - 9 h LUN À VEN 1 janvier - 31 décembre
ZU-28,1610,STAT. INT. 9 h 30 - 10 h 30 LUN 01 avril au 01 déc
ZU-29,1578,STAT. INT. 7h30-9h Lundi 1 avril-1 décembre
ZU-30,1654,STAT. INT. 22h-23h MAR 1 avril-1 décembre
ZU-31,1655,SAT. INT. 22h-23h JEU 1 avril - 1 décembre
ZU-32,1656,STAT. INT. 23h à 00h MAR  1 avril-1 décembre
ZU-33,1657,STAT. INT. 17h30-18h30 LUN 1 avril-1 décembre
ZU-34,1555,Arrêt interdit 8h-9h MERCREDI 1 avril au 1 décembre
ZU-35,1658,STAT. INT. 22h - 23h MAR et JEU 1 avril-1 décembre
ZU-36,1659,STAT. INT. 6h à 8h LUN à VEN 1 avril au 1 décembre
ZU-37,1661,STAT. INT. 7h30-9h00 MARDI 1 avril-1 décembre
ZU-38,1662,STAT. INT. 9h-13h MERC en tout temps
ZU-39,1669,STAT. INT. 12h-13h MERC 1 avril au 1 déc
ZU-40,1670,STAT. INT.6h30 à 8h30 MER 1 avril-1décembre
ZU-41,1659,SAT. INT. 6h-8h LUN à VEND 1 avril - 1 déc.
ZV-03,193,STAT. INT. 4 h - 9 h  LUN et JEU 01 nov au 31 déc
ZV-04,193,STAT. INT. 4 h - 9 h LUN et JEU 01 jan au 31 mars
ZV-05,193,STAT. INT. 4 h - 9 h MAR et VEN 01 1er nov au 31 déc
ZV-06,193,STAT. INT. 4 h - 9 h MAR et VEN 01 jan au 31 mars
ZV-07,1545,STAT. INT. 8 h - 9h LUN 1 avr au 1 déc h LUN 01 avril au 1 dec
ZV-15,1337,STAT. INT. 9 h - 11 h LUN 01 avril au 14 nov
ZV-20,225,STAT. INT. 10 h - 12 h MAR 01 avril au 14 nov
ZV-21,1342,STAT. INT. 7 h - 12 h  MAR et MER et VEN 15 nov au 31 déc
ZV-22,1342,STAT. INT. 7 h - 12 h MAR et MER et VEN 01 jan au 31 mars
ZV-23,1343,STAT. INT. 7 h - 12 h LUN et JEU 01 nov au 31 déc
ZV-37,96,STAT. INT. 7 h - 8 h 30 LUN et MER et VEN 01 avril au 14 nov
ZV-38,1426,STAT. INT. 7 h - 8 h 30 MAR et JEU 01 avril au 14 nov
ZV-39,1507,STAT. INT. 6 h 30 - 7 h 30 LUN 01 avril au 01 décembre
ZV-40,126,STAT. INT. 7 h - 9 h JEU 01 avril au 14 novembre
ZV-41,1660,STAT. INT. 7 h - 9 h MER 01 avril au 14 nov
ZV-42,105,STAT. INT. 7 h - 9  h MAR 01 avril au 14 nov
ZV-43,1540,STAT. INT. 8 h - 11 h VEN 01 avril au 14 nov
ZV-44,1541,STAT. INT. 8 h - 11 h JEU 01 avril au 14 nov
ZV-45,161,STAT. INT. 7 h - 9 h LUN 01 avril au 14 nov
ZV-46,163,STAT. INT. 7 h - 9 h VEN 01 avril au 14 nov
ZV-47,1622,STAT. INT. 10h30 - 13h30 VEN 01 avril au 14 nov
ZV-48,1374,STAT. INT. 12 h30 - 15 30h LUN 01 avril au 14 nov
ZV-49,1510,STAT. INT. 12h30 - 15h30 JEU 01 avril au 14 nov
ZV-50,1511,STAT. INT. 12h30 - 15h30 VEN 01 avril au 14 nov
ZV-51,1513,STAT. INT. 10h30 - 13h30 JEU 01 avril au 14 nov
ZV-53,1509,STAT. INT. 10 h 30 - 13 h 30 VEN 01 avril au 14 nov
ZV-54,1513,STAT. INT. 10 h 30 - 13 h 30 JEU 01 avril au 14 nov
ZV-55,1426,STAT. INT. 7 h - 8 h 30 MAR et JEU 01 avril au 14 nov
ZV-56,1533,STAT. INT. 10 h 30 - 13 h 30 MER 01 avril au 14 nov
ZV-57,1539,STAT. INT. 8 h - 11 h MER 01 avril au 14 nov
ZV-58,302,STAT. INT. 7 h - 8 h 30 VEN 01 avril au 14 nov
ZV-59,95,STAT. INT. 7 h - 8 h 30 LUN 01 avril au 14 nov
ZV-60,1535,STAT. INT. 8h30-10h30 JEU 01avril au 01 déc
ZV-61,1537,STAT. INT. 16h30-17h30 LUN et JEU 1 avril--1 déc.
ZV-62,1543,STAT. INT. 22 h - 23 h MAR et VEN 01 avril au 01 déc
ZV-63,103,STAT. INT. 22 h 30 - 23 h 30 LUN à VEN 01 avril au 01 déc
ZV-64,1544,STAT. INT. 8 h - 12 h MER 01 avril au 01 déc
ZV-65,161,STAT. INT. 7 h - 9 h LUN 01 avril au 01 déc
ZV-68,161,STAT. INT. 7 h - 9 h LUN 15 mars au 15 nov
ZV-70,1549,STAT. INT. 18 h - 19 h MER 01 avril au 01 déc
ZV-71,126,STAT. INT. 7 h - 9 h JEU 01 avril au 01 déc
ZV-72,1551,STAT. INT. 8 h - 9 h JEU 01 avril au 01 déc 
ZV-73,1553,STAT. INT. 18 h 30 - 19 h 30 JEU 01 avril au 01 déc
ZV-74,1554,STAT. INT.8 h 30 - 9 h 30 MAR 01 avril au 01 déc
ZV-75,1555,STAT. INT. 8 h - 9 h MER 01 avril au 01 déc
ZV-76,1556,STAT. INT. 6 h 30 - 7 h 30 MER 01 avril au 01 déc
ZV-77,1557,STAT. INT. 18 h - 19 h LUN et MER 01 avril au 01 déc
ZV-79,1559,STAT. INT. 13 h - 15 h VEN 01 avril au 30 novembre
ZV-80,105,STAT. INT. 7 h - 9 h MAR 01 avril au 30 novembre
ZV-81,1527,STAT. INT. 9 h - 11 h LUN 01 avril au 30 novembre
ZV-82,1560,STAT. INT. 13 h - 15 h MER. 01 avril au 30 novembre
ZV-83,1524,STAT. INT. 9 h - 11 h JEU 01 avril au 30 novembre
ZV-84,1561,STAT. INT. 13 h - 15 h JEU 01 avril au 30 novembre
ZV-85,1643,STAT. INT. 12 h 30 - 14 h 30 JEU 1 avril au 1 dec
ZV-87,1653,STAT. INT. 8h30 - 9h30 JEU 01 avril au 1 déc
ZV-90,1562,STAT. INT. 22h-23h LUN et JEU 1 avril - 1 déc.
ZV-91,1563,STAT. INT. 10 h 30 - 11 h 30 LUN 01 avril au 01 déc
ZV-93,1578,STAT INT. 7 h 30 - 9 h LUN 01 avril au 01 déc
ZV-94,1584,STAT INT. 8 h - 9 h MARDI 01 avril au 01 déc
ZV-95,1588,STAT INT. 6 h - 7 h LUNDI 01 avril au 01 déc
ZV-96,1585,STAT INT. 6h - 7 h MARDI 01 avril au 01 déc
ZV-97,1586,STAT INT. 6h - 7 h MERCREDI 01 avril au 01 déc
ZV-98,1587,STAT INT. 6h - 7 h JEUDI 01 avril au 01 déc
ZV-99,1592,STAT.INT. 16 h 30 - 17 h 30 MAR 01 avril au 01 déc
ZX-01,334,STAT. INT. 13 h - 16 h LUN 01 avril au 01 déc.
ZX-02,335,STAT. INT. 9 h - 10 h DIM 01 avril au 01 déc.
ZX-03,1352,STAT. INT. 7 h - 8 h LUN et MER et SAM 01 avril au 01 déc
ZX-04,1353,STAT. INT. 7 h - 8 h MAR et JEU et DIM 01 avril au 01 déc
ZX-05,1354,STAT. INT. 7 h - 9 h LUN et MER et SAM 01 avril au 01 déc.
ZX-06,1600,STAT. INT. 8 h - 12 h LUN 01 avril au 01 déc
ZX-07,1357,STAT. INT. 12h30 - 13h30  JEU 01 avril au 01 déc
ZX-08,1358,STAT. INT. 12 h - 13 h LUN 01 avril au 01 déc
ZX-09,1527,STAT. INT. 9 h - 11 h LUN 01 avril au 01 déc
ZX-10,75,STAT. INT.6 h 30 - 7 h 30 LUN À VEN 01avril au 01 déc.
ZX-11,1362,STAT. INT.6 h 30 - 7 h 30 MAR 01avril au 01 déc.
ZX-12,1431,STAT. INT.9 h - 12 h VEN 01 avril au 01 déc
ZX-14,1373,STAT. INT. 13 h - 14 h LUN 01 avril au 01 déc
ZX-15,1374,STAT. INT. 12 h 30 - 15 h 30 LUN 01 avril au 01 déc
ZX-16,1375,STAT. INT. 13 h - 16 h MER 01 avril au 01 déc
ZX-17,101,STAT. INT. 8 h - 9 h 7jours sur 7 01 avril au 01 déc
ZX-18,1377,STAT. INT. 12h - 13h MAR 01 avril au 01 déc.
ZX-19,1378,STAT. INT. 13h - 14h MER 01 avril au 01 déc.
ZX-20,1379,STAT. INT. 13h - 14h JEU 01 avril au 01 déc.
ZX-21,1380,STAT. INT. 12h - 14h MAR 01 avril au 01 déc.
ZX-22,1382,STAT. INT.6 h 30 - 7 h 30 MAR et JEU 01avril au 01 déc.
ZX-23,1384,STAT. INT. 13h - 14h MAR 01 avril au 01 déc.
ZX-24,1385,STAT. INT. 12h30 - 13h30 LUN 01 avril au 01 déc.
ZX-25,1386,STAT. INT. 12h30-13h30 MAR 01 avril au 01 déc.
ZX-26,1387,STAT. INT. 12h - 13h JEU 01 avril au 01 déc.
ZX-27,1388,STAT. INT. 9h - 10h MER 01 avril au 01 déc.
ZX-29,1398,STAT. INT. 17h - 19h LUN et JEU 01 avril au 01 déc.
ZX-31,1407,STAT. INT. 17 h - 18 h LUN 01 avril au 01 déc
ZX-36,1666,STAT. INT. 8 h 30 - 11h30 MER 01 avril au 01 déc.
ZX-37,1667,STAT. INT. 8 h 30 - 11 h 30 JEU 01 avril au 01 déc.
ZX-38,1538,STAT. INT. 8 h 30 - 10h30 MER 01 avril au 01 
ZX-40,87,ARRÊT INT. 7 h - 8 h LUN ET JEU 01 avril au 30 nov
ZX-42,1425,STAT. INT. 13 h 30 - 14 h 30 MAR 01 avril au 01 déc
ZX-43,1428,STAT. INT. 20 h - 21 h MER 01 avril au 01 déc
ZX-44,1429,STAT. INT. 20 h - 21 h LUN 01 avril au 01 déc
ZX-45,1431,STAT. INT. 9 h - 12 h VEN 01 avril au 01 déc
ZX-47,1433,STAT. INT. 14 h - 15 h MAR 01 avril au 01 déc
ZX-48,1438,STAT. INT.6 h 30 - 7 h 30  JEU 01avril au 01 avril
ZX-49,1439,STAT. INT. 11 h 30- 12 h 30 MER 01 avril au 01 déc
ZX-51,1441,STAT. INT. 10 h - 11 h LUN 01 avril au 01 déc
ZX-52,1668,STAT. INT. 7 h 30 - 8 h 30 JEU 01 avril au 01 déc
ZX-53,1584,ARRÊT. INT. 8H-9H MARDI 01 avril au 30 novembre
ZX-54,1551,ARRÊT INT. 8H - 9H JEUDI 01 avril au 1 décembre
ZX-55,1454,ARRÊT INT. 13h - 15h LUNDI 01 avril au 30 novembre
ZX-57,161,ARRÊT INT. 7 h - 9 h LUNDI 01 avril au 30 novembre
ZX-58,163,ARRÊT INT. 7 h - 9 h VENDREDI 01 avril au 30 novembre
ZX-59,134,ARRÊT INT. 7 h - 9 h MER 01 avril au 30 novembre
ZX-60,126,ARRÊT INT. 7 h - 9 h JEUDI 01 avril au 30 novembre
ZX-61,164,ARRÊT INT.  7 h - 8 h MARDI 01 avril au 30 novembre
ZX-63,1463,STAT. INT. 4h - 9h LUN et JEU 15 novembre au 31 décembre + ZX-74
ZX-64,1464,STAT. INT. 9 h 30 - 11 h 30 JEU 01 avril au 01 déc
ZX-65,1465,STAT. INT. 13 h -15 h MAR 01 avril au 01 déc
ZX-66,1466,STAT. INT. 9 h - 11 h MER 01 avril au 01 déc
ZX-67,1467,STAT. INT. 12 h 30 - 14 h 30 MAR 01 avril au 01 déc.
ZX-68,1341,STAT. INT. 10 h - 12 h LUN 01 avril au 01 déc.
ZX-69,1468,STAT. INT. 12 h - 14 h JEU 01 avril au 01 déc
ZX-70,1469,STAT. INT. 13 h - 14 h DIM 01 avril au 01 déc
ZX-71,173,STAT. INT. 7 h - 8 h MAR et JEU 01 avril au 01 déc
ZX-72,1652,STAT. INT. 8 h - 11 h LUN 01 avril au 01 déc
ZX-73,1470,STAT. INT. 13 h - 16 h MAR 01 avril au 01 déc
ZX-74,1463,STAT. INT. 4h - 9h LUN et JEU 1 janvier au 31 mars ***
ZX-75,1504,STAT. INT. 12 h 30 - 15 h 30 MAR 01 avril au 01 déc
ZX-76,1663,STAT. INT. 8 h 30 - 11 h 30 VEN 01 avril au 01 déc
ZX-77,1506,STAT. INT. 12 h 30 - 15 h 30 MER 01 avril au 01 déc
ZX-78,216,STAT. INT. 10 h- 11 h LUN et JEU 01 avril au 01 déc
ZX-79,1466,STAT. INT. 9 h - 11 h MER 01 avril au 30 novembre
ZX-80,1517,STAT. INT. 22 h 30 - 23 h 30 LUN et JEU 01 avril au 01 déc
ZX-81,1522,STAT. INT. 7h30-9h30 JEU 01 avril au 01 déc
ZX-82,1523,STAT. INT. 8h30 - 10h30 MAR 01 avril au 01 déc
ZX-84,1519,STAT. INT. 13h30 - 15h30 MAR 01 avril au 01 déc
ZX-85,1521,STAT. INT. 9h30 - 11h30 MAR 01 avril au 01 déc
ZX-86,1652,STAT. INT. 8h - 11h LUN 01 avril au 01 déc
ZX-87,1518,STAT. INT. 9h30 - 11h30 LUN 01 avril au 01 déc
ZX-89,1524,STAT. INT. 9h - 11h JEU 01 avril au 01 déc
ZX-90,1468,STAT. INT. 12h - 14h JEU 01 avril au 01 déc
ZX-91,1464,STAT. INT. 9h30 - 11h30 JEU 01 avril au 01 déc
ZX-92,1525,STAT. INT. 13h30 - 15h30 LUN 01 avril au 01 déc
ZX-93,1528,STAT. INT. 17h-18h MERC 1 avril au 1 décembre
ZX-94,1531,STAT. INT. 18h-19h MAR 01avril au 01 déc
ZX-95,1529,STAT. INT. 11h-12h VEN 01avril au 01 déc
ZX-96,1530,STAT. INT. 15h30-16h30 VEN 01avril au 01 déc
ZX-97,1532,STAT. INT. 18h30-19h30 MAR 01avril au 01 déc
ZX-98,1536,STAT. INT. 13h30-15h30 MER 01avril au 01 déc
ZX-99,1534,STAT. INT. 8h30-10h30 LUN 01avril au 01 déc
ZY-01,1601,STAT. INT. 7 h 30 - 8 h 30 MER 01 avril au 01 déc
ZY-03,1664,STAT. INT.7 h 30 - 9 h 30 MAR ET VEN 01 avril au 01 déc
ZY-06,176,ARRET INT. 15 h  30 - 24 h LUN  À VEN 11 h 30 - 24 h SAM et DIM (16 au 26 juillet - JUSTE POUR RIRE 2009)
ZY-06,177,ARRET INT. 15 h  30 - 24 h LUN  À VEN 11 h 30 - 24 h SAM et DIM (16 au 26 juillet - JUSTE POUR RIRE 2009)
ZY-06,206,ARRET INT. 15 h  30 - 24 h LUN  À VEN 11 h 30 - 24 h SAM et DIM (16 au 26 juillet - JUSTE POUR RIRE 2009)
ZY-09,213,STAT. INT. 19 h - 20 h LUN et MER 01 avril au 01 déc
ZY-10,214,STAT. INT. 19 h - 20 h MAR et JEU 01 avril au 01 déc
ZY-11,198,STAT. INT. 12 h - 13 h VEN  01 avril au 01 déc
ZY-14,1620,STAT. INT.7 h 30 - 8 h 30 MAR ET VEN 01 avril au 01 déc
ZY-17,215,STAT. INT. 9 h 30 - 10 h 30 JEU 01 avril au 01 déc
ZY-18,220,STAT. INT. 9 h 30 - 10 h 30 MAR 01 avril au 01 déc
ZY-22,1624,STAT. INT.7 h 30 - 8 h 30 LUN À VEN 01 avril au 01 déc.
ZY-23,135,STAT. INT.6 h 30 - 7 h 30 SAM et DIM 01 avril au 01 déc
ZY-24,1602,STAT. INT.7 h 30 - 8 h 30 SAM et DIM 01 avril au 01 déc 
ZY-25,1671,STAT. INT. 7 h 30 - 8 h 30 MAR 01 avril au 01 déc
ZY-28,93,STAT. INT. 6 h 30 - 7 h 30 LUN et JEU 01 avril au 01 décembre
ZY-29,94,STAT. INT. 6 h 30 - 7 h 30 MAR et VEN 01 avril au 01 décembre
ZY-30,1590,STAT. INT. 7 h 30 - 8 h 30 LUN 01 avril au 01 décembre
ZY-32,100,STAT. INT. 7 h - 9 h LUN À VEN 01 avril au 01 décembre
ZY-33,91,STAT. INT. 7 h - 9 h LUN et JEU 01 avril au 01 déc
ZY-34,92,STAT. INT. 7 h - 9 h MAR et VEN 01 avril au 01 déc
ZY-35,216,STAT. INT. 10 h - 11 h LUN et JEU 01 avril au 01 décembre
ZY-39,1545,ARRÊT INT. 8 h - 9 h LUN ET MER 01 avril au 30 nov
ZY-39,1555,ARRÊT INT. 8 h - 9 h LUN ET MER 01 avril au 30 nov
ZY-40,1551,ARRÊT INT. 8 h - 9 h MAR ET JEU 01 avril au 30 nov
ZY-40,1584,ARRÊT INT. 8 h - 9 h MAR ET JEU 01 avril au 30 nov
ZY-42,1603,ARRÊT INT. 8 h - 10 h MER 01 avril au 30 nov
ZY-44,173,ARRÊT INT. 7 h - 8 h MAR ET JEU 01 avril au 30 nov
ZY-45,132,STATIONNEMENT  INT. 7 h - 8 h LUN ET MER 01 avril au 1 déc
ZY-45,160,STATIONNEMENT  INT. 7 h - 8 h LUN ET MER 01 avril au 1 déc
ZY-48,1388,STAT. INT. 9 h - 10 h MER 01 avril au 01 déc
ZY-50,229,STAT. INT. 9 h 30 - 10 h 30 MAR et VEN 01 avril au 01 déc
ZY-51,228,STAT. INT. 9 h 30 - 10 h 30 LUN ET JEU 01 avril au 01 déc
ZY-52,160,STAT. INT. 7 h - 8 h MER 01 avril au 01 déc
ZY-53,231,STAT. INT. 9 h 30 - 10 h 30 MER 01 avril au 01 déc
ZY-54,1605,STAT. INT. 8 h - 9 h MER et VEN 01 avril au 01 déc
ZY-55,238,STAT. INT. 10 h - 11 h MER 01 avril au 01 déc
ZY-56,239,STAT. INT. 10 h - 11 h VEN 01 avril au 01 déc
ZY-58,1665,STAT. INT.7 h 30 - 9 h 30 LUN 01 avril au 01 déc
ZY-59,243,STAT. INT.7 h - 9 h 30 MER 01 avril au 01 déc
ZY-60,245,STAT. INT. 10 h - 11 h MAR et VEN 01 avril au 01 déc
ZY-62,247,STAT. INT.12 h 30 - 13 h 30 VEN 01 avril au 01 déc
ZY-64,262,STAT. INT. 10h30 - 11h30 MER 01avril au 01 déc
ZY-65,263,STAT. INT. 10h30 - 11h30 VEN 01avril au 01 déc
ZY-66,231,STAT. INT. 9h30 - 10h30 MER 01avril au 01 déc
ZY-67,264,STAT. INT. 9h30 - 10h30 VEN 01avril au 01 déc
ZY-68,1607,STAT. INT. 9h - 10h VEN 01avril au 01 déc
ZY-69,266,STAT. INT. 13h - 14h VEN 01avril au 01 déc
ZY-70,267,STAT. INT. 12h30 - 13h30  MER 01 avril au 01 déc
ZY-71,268,STAT. INT. 13h30 - 14h30  VEN 01 avril au 01 déc
ZY-72,269,STAT. INT. 14h - 15h VEN 01 avril au 01 déc
ZY-73,270,STAT. INT. 10h - 11h JEU 01 avril au 01 déc
ZY-75,275,STAT. INT. 10h30 - 11h30 MAR 01avril au 01 déc
ZY-76,134,STAT. INT. 7 h 30 - 9 h MER 01 avril au 01 déc
ZY-77,278,STAT. INT. 10h30 - 11h30 JEU 01avril au 01 déc
ZY-78,1638,STAT. INT. 9h - 10h JEU 01 avril au 01 déc
ZY-81,282,STAT. INT. 18h30 - 19h30 LUN 01 avril au 01 déc
ZY-82,281,STAT. INT. 19h - 20h MAR 01 avril au 01 déc
ZY-84,291,STAT. INT. 7 h - 9 h 30 MAR 01avril au 01 déc
ZY-86,293,STAt. INT. 14 h - 15 h MER 01 avril au 01 déc
ZY-87,1608,STAt. INT. 8 h - 12 h JEU 01 avril au 01 déc
ZY-88,301,STAT. INT. 10h - 11h MAR 01 avril au 01 déc
ZY-89,1609,STAT. INT. 7 h 30 - 8 h 30 VEN 01 avril au 01 déc
ZY-90,303,STAT. INT. 7 h - 8 h MER et VEN 01 avril au 01 déc
ZY-91,1610,STAT. INT. 9 h 30 - 10 h30 LUN 01 avril au 01 déc
ZY-93,1611,STAT. INT. 8 h - 9 h DIM 01 avril au 01 déc
ZY-94,1612,STAT. INT. 8 h - 9 h SAM 01 avril au 01 déc
ZY-95,160,ARRÊt INT. 7 h - 8 h MER 01 avril au 30 nov
ZY-96,318,STAT. INT. 16 h 30 - 17 h 30 LUN au VEN 01 avril au 01 déc
ZY-97,331,STAT. INT. 9 h 30 - 10 h30 LUN À VEN 01 avril au 01 déc
ZY-98,330,STAT. INT. 12 h - 13 h LUN À VEN 01 avril au 01 déc
ZY-99,1524,STAT. INT. 9 h - 11 h MAR et JEU 01 avril au 01 déc
ZY-99,1526,STAT. INT. 9 h - 11 h MAR et JEU 01 avril au 01 déc
ZZ-01,76,STAT. INT.7 h - 8 h LUN À VEN 01 avril au 01 déc.
ZZ-02,1473,STAT. INT.8 h - 9 h LUN À VEN 01 avril au 01 déc.
ZZ-03,76,STAT. INT.7 h  - 8 h   LUN À VEN 01 avril au 01 déc.
ZZ-06,1615,ARRET INT. 7 h 30 - 9 h 30 LUN À VEN
ZZ-12,87,STAT. INT. 7 h - 8 h LUN et JEU 1 avril au 1 décembre
ZZ-16,1584,STAT. INT. 8 h - 9 h MAR ET VEN 01 mars au 1 décembre
ZZ-16,1613,STAT. INT. 8 h - 9 h MAR ET VEN 01 mars au 1 décembre
ZZ-23,100,STAT. INT. 7 h - 9 h LUN À VEN 01 avril au 01 décembre
ZZ-24,101,STAT. INT. 7 h - 9 h - 1er mai au 31 oct.
ZZ-27,103,STAT. INT. 22h30 - 23 h 30 LUN À VEN 01 mars au 01 déc.
ZZ-46,168,STAT. INT.  7h - 9 h LUN et MER 1 avril au 1 déc
ZZ-47,169,STAT. INT. 7 h - 9 h MAR et JEU 1 avril au 1 déc
ZZ-51,76,STAT. INT.7 h - 8 h LUN À VEN 01 avril au 01 déc
ZZ-52,75,STAT. INT.6 h 30 - 7 h 30 LUN À VEN 01 avril au 01 dec
ZZ-53,1473,STAT. INT. 8 h - 9 h LUN À VEN 01 avril au 01 déc
ZZ-54,1545,STAT. INT. 8 h - 9 h LUN et JEU 01 avril au 01 déc
ZZ-54,1551,STAT. INT. 8 h - 9 h LUN et JEU 01 avril au 01 déc
ZZ-55,1584,STAT. INT. 8 h - 9 h MAR et VEN 01 avril au 01 déc
ZZ-55,1613,STAT. INT. 8 h - 9 h MAR et VEN 01 avril au 01 déc
ZZ-56,1474,STAT. INT. 8 h - 9 h30 LUN À VEN 01 avril au 01 déc
ZZ-57,139,STAT. INT. 7 h - 8 h LUN et MER 01 avril au 01 déc
ZZ-60,88,STAT. INT. 7 h - 8 h MAR et VEN 01 avril au 01 déc
ZZ-65,160,STAT. INT. 7 h - 8 h MER 01 avril au 01 déc
ZZ-66,132,STAT. INT. 7 h - 8 h LUN 01 avril au 01 déc
ZZ-67,1545,STAT. INT. 8 h - 9 h LUN 01 avril au 01 déc
ZZ-68,1555,STAT. INT. 8 h - 9 h MER 01 avril au 01 déc
ZZ-69,1597,STAT. INT.7 h 30 - 8 h 30 LUN ET JEU 01 avril au 01 déc
ZZ-71,87,STAT. INT. 7 h - 8 h LUN ET JEU 01 avril au 01 déc
ZZ-72,1613,STAT. INT. 8 h - 9 h VEN 01 avril au 01 déc
ZZ-73,1584,STAT. INT.8 h - 9 h MAR 01 avril au 01 déc
ZZ-74,1550,STAT. INT. 7 h 30 - 9 h JEU 01 avril au 01 déc
ZZ-75,133,STAT. INT. 7 h - 8 h JEU 01 avril au 01 déc
ZZ-76,164,STAT. INT. 7 h - 8 h MAR 01 avril au 01 déc
ZZ-83,1651,STAT. INT. 8 h - 10 h LUN 1 avr au 1 dec
ZZ-85,160,ARRÊT INT. 7 h - 8 h MER 01 avril au 15 nov
ZZ-89,173,STAT. INT. 7 h - 8 h MAR ET JEU 01 avril au 01 déc
ZZ-91,105,STAT. INT. 7 h - 9 h MAR 01 avril au 01 déc
ZZ-93,1545,STAT. INT. 8 h - 9 h LUN ET MER 01 avril au 01 déc
ZZ-93,1555,STAT. INT. 8 h - 9 h LUN ET MER 01 avril au 01 déc
ZZ-94,1614,STAT. INT.8 h 30 - 9 h 30 LUN ET JEU 01 avril au 01 déc
ZZ-96,1545,STAT. INT. 8 h - 9 h LUN et MER 01 avril au 01 déc
ZZ-96,1555,STAT. INT. 8 h - 9 h LUN et MER 01 avril au 01 déc
ZZ-97,1551,STAT. INT. 8 h - 9 h MAR et JEU 01 avril au 01 déc
ZZ-97,1584,STAT. INT. 8 h - 9 h MAR et JEU 01 avril au 01 déc
ZZ-98,168,STAT. INT. 7 h - 9 h LUN et MER 01 avril au 01 déc
ZZ-99,169,STAT. INT. 7 h - 9 h MAR et JEU 01 avril au 01 déc
